image_name,label
goodseed0.jpg,1
goodseed1.jpg,1
goodseed10.jpg,1
goodseed100.jpg,1
goodseed101.jpg,1
goodseed102.jpg,1
goodseed103.jpg,1
goodseed104.jpg,1
goodseed105.jpg,1
goodseed106.jpg,1
goodseed107.jpg,1
goodseed108.jpg,1
goodseed109.jpg,1
goodseed11.jpg,1
goodseed110.jpg,1
goodseed111.jpg,1
goodseed112.jpg,1
goodseed113.jpg,1
goodseed114.jpg,1
goodseed115.jpg,1
goodseed116.jpg,1
goodseed117.jpg,1
goodseed118.jpg,1
goodseed119.jpg,1
goodseed12.jpg,1
goodseed120.jpg,1
goodseed121.jpg,1
goodseed122.jpg,1
goodseed123.jpg,1
goodseed124.jpg,1
goodseed125.jpg,1
goodseed126.jpg,1
goodseed127.jpg,1
goodseed128.jpg,1
goodseed129.jpg,1
goodseed13.jpg,1
goodseed130.jpg,1
goodseed131.jpg,1
goodseed132.jpg,1
goodseed133.jpg,1
goodseed134.jpg,1
goodseed135.jpg,1
goodseed136.jpg,1
goodseed137.jpg,1
goodseed138.jpg,1
goodseed139.jpg,1
goodseed14.jpg,1
goodseed140.jpg,1
goodseed141.jpg,1
goodseed142.jpg,1
goodseed143.jpg,1
goodseed144.jpg,1
goodseed145.jpg,1
goodseed146.jpg,1
goodseed147.jpg,1
goodseed148.jpg,1
goodseed149.jpg,1
goodseed15.jpg,1
goodseed150.jpg,1
goodseed151.jpg,1
goodseed152.jpg,1
goodseed153.jpg,1
goodseed154.jpg,1
goodseed155.jpg,1
goodseed156.jpg,1
goodseed157.jpg,1
goodseed158.jpg,1
goodseed159.jpg,1
goodseed16.jpg,1
goodseed160.jpg,1
goodseed161.jpg,1
goodseed162.jpg,1
goodseed163.jpg,1
goodseed164.jpg,1
goodseed165.jpg,1
goodseed166.jpg,1
goodseed167.jpg,1
goodseed168.jpg,1
goodseed169.jpg,1
goodseed17.jpg,1
goodseed170.jpg,1
goodseed171.jpg,1
goodseed172.jpg,1
goodseed173.jpg,1
goodseed174.jpg,1
goodseed175.jpg,1
goodseed176.jpg,1
goodseed177.jpg,1
goodseed178.jpg,1
goodseed179.jpg,1
goodseed18.jpg,1
goodseed180.jpg,1
goodseed181.jpg,1
goodseed182.jpg,1
goodseed183.jpg,1
goodseed184.jpg,1
goodseed185.jpg,1
goodseed186.jpg,1
goodseed187.jpg,1
goodseed188.jpg,1
goodseed189.jpg,1
goodseed19.jpg,1
goodseed190.jpg,1
goodseed191.jpg,1
goodseed192.jpg,1
goodseed193.jpg,1
goodseed194.jpg,1
goodseed195.jpg,1
goodseed196.jpg,1
goodseed197.jpg,1
goodseed198.jpg,1
goodseed199.jpg,1
goodseed2.jpg,1
goodseed20.jpg,1
goodseed200.jpg,1
goodseed201.jpg,1
goodseed202.jpg,1
goodseed203.jpg,1
goodseed204.jpg,1
goodseed205.jpg,1
goodseed206.jpg,1
goodseed207.jpg,1
goodseed208.jpg,1
goodseed209.jpg,1
goodseed21.jpg,1
goodseed210.jpg,1
goodseed211.jpg,1
goodseed212.jpg,1
goodseed213.jpg,1
goodseed214.jpg,1
goodseed215.jpg,1
goodseed216.jpg,1
goodseed217.jpg,1
goodseed218.jpg,1
goodseed219.jpg,1
goodseed22.jpg,1
goodseed220.jpg,1
goodseed221.jpg,1
goodseed222.jpg,1
goodseed223.jpg,1
goodseed224.jpg,1
goodseed225.jpg,1
goodseed226.jpg,1
goodseed227.jpg,1
goodseed228.jpg,1
goodseed229.jpg,1
goodseed23.jpg,1
goodseed230.jpg,1
goodseed231.jpg,1
goodseed232.jpg,1
goodseed233.jpg,1
goodseed234.jpg,1
goodseed235.jpg,1
goodseed236.jpg,1
goodseed237.jpg,1
goodseed238.jpg,1
goodseed239.jpg,1
goodseed24.jpg,1
goodseed240.jpg,1
goodseed241.jpg,1
goodseed242.jpg,1
goodseed243.jpg,1
goodseed244.jpg,1
goodseed245.jpg,1
goodseed246.jpg,1
goodseed247.jpg,1
goodseed248.jpg,1
goodseed249.jpg,1
goodseed25.jpg,1
goodseed250.jpg,1
goodseed251.jpg,1
goodseed252.jpg,1
goodseed253.jpg,1
goodseed254.jpg,1
goodseed255.jpg,1
goodseed256.jpg,1
goodseed257.jpg,1
goodseed258.jpg,1
goodseed259.jpg,1
goodseed26.jpg,1
goodseed260.jpg,1
goodseed261.jpg,1
goodseed262.jpg,1
goodseed263.jpg,1
goodseed264.jpg,1
goodseed265.jpg,1
goodseed266.jpg,1
goodseed267.jpg,1
goodseed268.jpg,1
goodseed269.jpg,1
goodseed27.jpg,1
goodseed270.jpg,1
goodseed271.jpg,1
goodseed272.jpg,1
goodseed273.jpg,1
goodseed274.jpg,1
goodseed275.jpg,1
goodseed276.jpg,1
goodseed277.jpg,1
goodseed278.jpg,1
goodseed279.jpg,1
goodseed28.jpg,1
goodseed280.jpg,1
goodseed281.jpg,1
goodseed282.jpg,1
goodseed283.jpg,1
goodseed284.jpg,1
goodseed285.jpg,1
goodseed286.jpg,1
goodseed287.jpg,1
goodseed288.jpg,1
goodseed289.jpg,1
goodseed29.jpg,1
goodseed290.jpg,1
goodseed291.jpg,1
goodseed292.jpg,1
goodseed293.jpg,1
goodseed294.jpg,1
goodseed295.jpg,1
goodseed296.jpg,1
goodseed297.jpg,1
goodseed298.jpg,1
goodseed299.jpg,1
goodseed3.jpg,1
goodseed30.jpg,1
goodseed300.jpg,1
goodseed301.jpg,1
goodseed302.jpg,1
goodseed303.jpg,1
goodseed304.jpg,1
goodseed305.jpg,1
goodseed306.jpg,1
goodseed307.jpg,1
goodseed308.jpg,1
goodseed309.jpg,1
goodseed31.jpg,1
goodseed310.jpg,1
goodseed311.jpg,1
goodseed312.jpg,1
goodseed313.jpg,1
goodseed314.jpg,1
goodseed315.jpg,1
goodseed316.jpg,1
goodseed317.jpg,1
goodseed318.jpg,1
goodseed319.jpg,1
goodseed32.jpg,1
goodseed320.jpg,1
goodseed321.jpg,1
goodseed322.jpg,1
goodseed323.jpg,1
goodseed324.jpg,1
goodseed325.jpg,1
goodseed326.jpg,1
goodseed327.jpg,1
goodseed328.jpg,1
goodseed329.jpg,1
goodseed33.jpg,1
goodseed330.jpg,1
goodseed331.jpg,1
goodseed332.jpg,1
goodseed333.jpg,1
goodseed334.jpg,1
goodseed335.jpg,1
goodseed336.jpg,1
goodseed337.jpg,1
goodseed338.jpg,1
goodseed339.jpg,1
goodseed34.jpg,1
goodseed340.jpg,1
goodseed341.jpg,1
goodseed342.jpg,1
goodseed343.jpg,1
goodseed344.jpg,1
goodseed345.jpg,1
goodseed346.jpg,1
goodseed347.jpg,1
goodseed348.jpg,1
goodseed349.jpg,1
goodseed35.jpg,1
goodseed350.jpg,1
goodseed351.jpg,1
goodseed352.jpg,1
goodseed353.jpg,1
goodseed354.jpg,1
goodseed355.jpg,1
goodseed356.jpg,1
goodseed357.jpg,1
goodseed358.jpg,1
goodseed359.jpg,1
goodseed36.jpg,1
goodseed360.jpg,1
goodseed361.jpg,1
goodseed362.jpg,1
goodseed363.jpg,1
goodseed364.jpg,1
goodseed365.jpg,1
goodseed366.jpg,1
goodseed367.jpg,1
goodseed368.jpg,1
goodseed369.jpg,1
goodseed37.jpg,1
goodseed370.jpg,1
goodseed371.jpg,1
goodseed372.jpg,1
goodseed373.jpg,1
goodseed374.jpg,1
goodseed375.jpg,1
goodseed376.jpg,1
goodseed377.jpg,1
goodseed378.jpg,1
goodseed379.jpg,1
goodseed38.jpg,1
goodseed380.jpg,1
goodseed381.jpg,1
goodseed382.jpg,1
goodseed383.jpg,1
goodseed384.jpg,1
goodseed385.jpg,1
goodseed386.jpg,1
goodseed387.jpg,1
goodseed388.jpg,1
goodseed389.jpg,1
goodseed39.jpg,1
goodseed390.jpg,1
goodseed391.jpg,1
goodseed392.jpg,1
goodseed393.jpg,1
goodseed394.jpg,1
goodseed395.jpg,1
goodseed396.jpg,1
goodseed397.jpg,1
goodseed398.jpg,1
goodseed399.jpg,1
goodseed4.jpg,1
goodseed40.jpg,1
goodseed400.jpg,1
goodseed401.jpg,1
goodseed402.jpg,1
goodseed403.jpg,1
goodseed404.jpg,1
goodseed405.jpg,1
goodseed406.jpg,1
goodseed407.jpg,1
goodseed408.jpg,1
goodseed409.jpg,1
goodseed41.jpg,1
goodseed410.jpg,1
goodseed411.jpg,1
goodseed412.jpg,1
goodseed413.jpg,1
goodseed414.jpg,1
goodseed415.jpg,1
goodseed416.jpg,1
goodseed417.jpg,1
goodseed418.jpg,1
goodseed419.jpg,1
goodseed42.jpg,1
goodseed420.jpg,1
goodseed421.jpg,1
goodseed422.jpg,1
goodseed423.jpg,1
goodseed424.jpg,1
goodseed425.jpg,1
goodseed426.jpg,1
goodseed427.jpg,1
goodseed428.jpg,1
goodseed429.jpg,1
goodseed43.jpg,1
goodseed430.jpg,1
goodseed431.jpg,1
goodseed432.jpg,1
goodseed433.jpg,1
goodseed434.jpg,1
goodseed435.jpg,1
goodseed436.jpg,1
goodseed437.jpg,1
goodseed438.jpg,1
goodseed439.jpg,1
goodseed44.jpg,1
goodseed440.jpg,1
goodseed441.jpg,1
goodseed442.jpg,1
goodseed443.jpg,1
goodseed444.jpg,1
goodseed445.jpg,1
goodseed446.jpg,1
goodseed447.jpg,1
goodseed448.jpg,1
goodseed449.jpg,1
goodseed45.jpg,1
goodseed450.jpg,1
goodseed451.jpg,1
goodseed452.jpg,1
goodseed453.jpg,1
goodseed454.jpg,1
goodseed455.jpg,1
goodseed456.jpg,1
goodseed457.jpg,1
goodseed458.jpg,1
goodseed459.jpg,1
goodseed46.jpg,1
goodseed460.jpg,1
goodseed461.jpg,1
goodseed462.jpg,1
goodseed463.jpg,1
goodseed464.jpg,1
goodseed465.jpg,1
goodseed466.jpg,1
goodseed467.jpg,1
goodseed468.jpg,1
goodseed469.jpg,1
goodseed47.jpg,1
goodseed470.jpg,1
goodseed471.jpg,1
goodseed472.jpg,1
goodseed473.jpg,1
goodseed474.jpg,1
goodseed475.jpg,1
goodseed476.jpg,1
goodseed477.jpg,1
goodseed478.jpg,1
goodseed479.jpg,1
goodseed48.jpg,1
goodseed480.jpg,1
goodseed481.jpg,1
goodseed482.jpg,1
goodseed483.jpg,1
goodseed484.jpg,1
goodseed485.jpg,1
goodseed486.jpg,1
goodseed487.jpg,1
goodseed488.jpg,1
goodseed489.jpg,1
goodseed49.jpg,1
goodseed490.jpg,1
goodseed491.jpg,1
goodseed492.jpg,1
goodseed493.jpg,1
goodseed494.jpg,1
goodseed495.jpg,1
goodseed496.jpg,1
goodseed497.jpg,1
goodseed498.jpg,1
goodseed499.jpg,1
goodseed5.jpg,1
goodseed50.jpg,1
goodseed500.jpg,1
goodseed501.jpg,1
goodseed502.jpg,1
goodseed503.jpg,1
goodseed504.jpg,1
goodseed505.jpg,1
goodseed506.jpg,1
goodseed507.jpg,1
goodseed508.jpg,1
goodseed509.jpg,1
goodseed51.jpg,1
goodseed510.jpg,1
goodseed511.jpg,1
goodseed512.jpg,1
goodseed513.jpg,1
goodseed514.jpg,1
goodseed515.jpg,1
goodseed516.jpg,1
goodseed517.jpg,1
goodseed518.jpg,1
goodseed519.jpg,1
goodseed52.jpg,1
goodseed520.jpg,1
goodseed521.jpg,1
goodseed522.jpg,1
goodseed523.jpg,1
goodseed524.jpg,1
goodseed525.jpg,1
goodseed526.jpg,1
goodseed527.jpg,1
goodseed528.jpg,1
goodseed529.jpg,1
goodseed53.jpg,1
goodseed530.jpg,1
goodseed531.jpg,1
goodseed532.jpg,1
goodseed533.jpg,1
goodseed534.jpg,1
goodseed535.jpg,1
goodseed536.jpg,1
goodseed537.jpg,1
goodseed538.jpg,1
goodseed539.jpg,1
goodseed54.jpg,1
goodseed540.jpg,1
goodseed541.jpg,1
goodseed542.jpg,1
goodseed543.jpg,1
goodseed544.jpg,1
goodseed545.jpg,1
goodseed546.jpg,1
goodseed547.jpg,1
goodseed548.jpg,1
goodseed549.jpg,1
goodseed55.jpg,1
goodseed550.jpg,1
goodseed551.jpg,1
goodseed552.jpg,1
goodseed553.jpg,1
goodseed554.jpg,1
goodseed555.jpg,1
goodseed556.jpg,1
goodseed557.jpg,1
goodseed558.jpg,1
goodseed559.jpg,1
goodseed56.jpg,1
goodseed560.jpg,1
goodseed561.jpg,1
goodseed562.jpg,1
goodseed563.jpg,1
goodseed564.jpg,1
goodseed565.jpg,1
goodseed566.jpg,1
goodseed567.jpg,1
goodseed568.jpg,1
goodseed569.jpg,1
goodseed57.jpg,1
goodseed570.jpg,1
goodseed571.jpg,1
goodseed572.jpg,1
goodseed573.jpg,1
goodseed574.jpg,1
goodseed575.jpg,1
goodseed576.jpg,1
goodseed577.jpg,1
goodseed578.jpg,1
goodseed579.jpg,1
goodseed58.jpg,1
goodseed580.jpg,1
goodseed581.jpg,1
goodseed582.jpg,1
goodseed583.jpg,1
goodseed584.jpg,1
goodseed585.jpg,1
goodseed586.jpg,1
goodseed587.jpg,1
goodseed588.jpg,1
goodseed589.jpg,1
goodseed59.jpg,1
goodseed590.jpg,1
goodseed591.jpg,1
goodseed592.jpg,1
goodseed593.jpg,1
goodseed594.jpg,1
goodseed595.jpg,1
goodseed596.jpg,1
goodseed597.jpg,1
goodseed598.jpg,1
goodseed599.jpg,1
goodseed6.jpg,1
goodseed60.jpg,1
goodseed600.jpg,1
goodseed601.jpg,1
goodseed602.jpg,1
goodseed603.jpg,1
goodseed604.jpg,1
goodseed61.jpg,1
goodseed62.jpg,1
goodseed63.jpg,1
goodseed64.jpg,1
goodseed65.jpg,1
goodseed66.jpg,1
goodseed67.jpg,1
goodseed68.jpg,1
goodseed69.jpg,1
goodseed7.jpg,1
goodseed70.jpg,1
goodseed71.jpg,1
goodseed72.jpg,1
goodseed73.jpg,1
goodseed74.jpg,1
goodseed75.jpg,1
goodseed76.jpg,1
goodseed77.jpg,1
goodseed78.jpg,1
goodseed79.jpg,1
goodseed8.jpg,1
goodseed80.jpg,1
goodseed81.jpg,1
goodseed82.jpg,1
goodseed83.jpg,1
goodseed84.jpg,1
goodseed85.jpg,1
goodseed86.jpg,1
goodseed87.jpg,1
goodseed88.jpg,1
goodseed89.jpg,1
goodseed9.jpg,1
goodseed90.jpg,1
goodseed91.jpg,1
goodseed92.jpg,1
goodseed93.jpg,1
goodseed94.jpg,1
goodseed95.jpg,1
goodseed96.jpg,1
goodseed97.jpg,1
goodseed98.jpg,1
goodseed99.jpg,1
badseed0.jpg,0
badseed1.jpg,0
badseed10.jpg,0
badseed100.jpg,0
badseed101.jpg,0
badseed102.jpg,0
badseed103.jpg,0
badseed104.jpg,0
badseed105.jpg,0
badseed106.jpg,0
badseed107.jpg,0
badseed108.jpg,0
badseed109.jpg,0
badseed11.jpg,0
badseed110.jpg,0
badseed111.jpg,0
badseed112.jpg,0
badseed113.jpg,0
badseed114.jpg,0
badseed115.jpg,0
badseed116.jpg,0
badseed117.jpg,0
badseed118.jpg,0
badseed119.jpg,0
badseed12.jpg,0
badseed120.jpg,0
badseed121.jpg,0
badseed122.jpg,0
badseed123.jpg,0
badseed124.jpg,0
badseed125.jpg,0
badseed126.jpg,0
badseed127.jpg,0
badseed128.jpg,0
badseed129.jpg,0
badseed13.jpg,0
badseed130.jpg,0
badseed131.jpg,0
badseed132.jpg,0
badseed133.jpg,0
badseed134.jpg,0
badseed135.jpg,0
badseed136.jpg,0
badseed137.jpg,0
badseed138.jpg,0
badseed139.jpg,0
badseed14.jpg,0
badseed140.jpg,0
badseed141.jpg,0
badseed142.jpg,0
badseed143.jpg,0
badseed144.jpg,0
badseed145.jpg,0
badseed146.jpg,0
badseed147.jpg,0
badseed148.jpg,0
badseed149.jpg,0
badseed15.jpg,0
badseed150.jpg,0
badseed151.jpg,0
badseed152.jpg,0
badseed153.jpg,0
badseed154.jpg,0
badseed155.jpg,0
badseed156.jpg,0
badseed157.jpg,0
badseed158.jpg,0
badseed159.jpg,0
badseed16.jpg,0
badseed160.jpg,0
badseed161.jpg,0
badseed162.jpg,0
badseed163.jpg,0
badseed164.jpg,0
badseed165.jpg,0
badseed166.jpg,0
badseed167.jpg,0
badseed168.jpg,0
badseed169.jpg,0
badseed17.jpg,0
badseed170.jpg,0
badseed171.jpg,0
badseed172.jpg,0
badseed173.jpg,0
badseed174.jpg,0
badseed175.jpg,0
badseed176.jpg,0
badseed177.jpg,0
badseed178.jpg,0
badseed179.jpg,0
badseed18.jpg,0
badseed180.jpg,0
badseed181.jpg,0
badseed182.jpg,0
badseed183.jpg,0
badseed184.jpg,0
badseed185.jpg,0
badseed186.jpg,0
badseed187.jpg,0
badseed188.jpg,0
badseed189.jpg,0
badseed19.jpg,0
badseed190.jpg,0
badseed191.jpg,0
badseed192.jpg,0
badseed193.jpg,0
badseed194.jpg,0
badseed195.jpg,0
badseed196.jpg,0
badseed197.jpg,0
badseed198.jpg,0
badseed199.jpg,0
badseed2.jpg,0
badseed20.jpg,0
badseed200.jpg,0
badseed201.jpg,0
badseed202.jpg,0
badseed203.jpg,0
badseed204.jpg,0
badseed205.jpg,0
badseed206.jpg,0
badseed207.jpg,0
badseed208.jpg,0
badseed209.jpg,0
badseed21.jpg,0
badseed210.jpg,0
badseed211.jpg,0
badseed212.jpg,0
badseed213.jpg,0
badseed214.jpg,0
badseed215.jpg,0
badseed216.jpg,0
badseed217.jpg,0
badseed218.jpg,0
badseed219.jpg,0
badseed22.jpg,0
badseed220.jpg,0
badseed221.jpg,0
badseed222.jpg,0
badseed223.jpg,0
badseed224.jpg,0
badseed225.jpg,0
badseed226.jpg,0
badseed227.jpg,0
badseed228.jpg,0
badseed229.jpg,0
badseed23.jpg,0
badseed230.jpg,0
badseed231.jpg,0
badseed232.jpg,0
badseed233.jpg,0
badseed234.jpg,0
badseed235.jpg,0
badseed236.jpg,0
badseed237.jpg,0
badseed238.jpg,0
badseed239.jpg,0
badseed24.jpg,0
badseed240.jpg,0
badseed241.jpg,0
badseed242.jpg,0
badseed243.jpg,0
badseed244.jpg,0
badseed245.jpg,0
badseed246.jpg,0
badseed247.jpg,0
badseed248.jpg,0
badseed249.jpg,0
badseed25.jpg,0
badseed250.jpg,0
badseed251.jpg,0
badseed252.jpg,0
badseed253.jpg,0
badseed254.jpg,0
badseed255.jpg,0
badseed256.jpg,0
badseed257.jpg,0
badseed258.jpg,0
badseed259.jpg,0
badseed26.jpg,0
badseed260.jpg,0
badseed261.jpg,0
badseed262.jpg,0
badseed263.jpg,0
badseed264.jpg,0
badseed265.jpg,0
badseed266.jpg,0
badseed267.jpg,0
badseed268.jpg,0
badseed269.jpg,0
badseed27.jpg,0
badseed270.jpg,0
badseed271.jpg,0
badseed272.jpg,0
badseed273.jpg,0
badseed274.jpg,0
badseed275.jpg,0
badseed276.jpg,0
badseed277.jpg,0
badseed278.jpg,0
badseed279.jpg,0
badseed28.jpg,0
badseed280.jpg,0
badseed281.jpg,0
badseed282.jpg,0
badseed283.jpg,0
badseed284.jpg,0
badseed285.jpg,0
badseed286.jpg,0
badseed287.jpg,0
badseed288.jpg,0
badseed289.jpg,0
badseed29.jpg,0
badseed290.jpg,0
badseed291.jpg,0
badseed292.jpg,0
badseed293.jpg,0
badseed294.jpg,0
badseed295.jpg,0
badseed296.jpg,0
badseed297.jpg,0
badseed298.jpg,0
badseed299.jpg,0
badseed3.jpg,0
badseed30.jpg,0
badseed300.jpg,0
badseed301.jpg,0
badseed302.jpg,0
badseed303.jpg,0
badseed304.jpg,0
badseed305.jpg,0
badseed306.jpg,0
badseed307.jpg,0
badseed308.jpg,0
badseed309.jpg,0
badseed31.jpg,0
badseed310.jpg,0
badseed311.jpg,0
badseed312.jpg,0
badseed313.jpg,0
badseed314.jpg,0
badseed315.jpg,0
badseed316.jpg,0
badseed317.jpg,0
badseed318.jpg,0
badseed319.jpg,0
badseed32.jpg,0
badseed320.jpg,0
badseed321.jpg,0
badseed322.jpg,0
badseed323.jpg,0
badseed324.jpg,0
badseed325.jpg,0
badseed326.jpg,0
badseed327.jpg,0
badseed328.jpg,0
badseed329.jpg,0
badseed33.jpg,0
badseed330.jpg,0
badseed331.jpg,0
badseed332.jpg,0
badseed333.jpg,0
badseed334.jpg,0
badseed335.jpg,0
badseed336.jpg,0
badseed337.jpg,0
badseed338.jpg,0
badseed339.jpg,0
badseed34.jpg,0
badseed340.jpg,0
badseed341.jpg,0
badseed342.jpg,0
badseed343.jpg,0
badseed344.jpg,0
badseed345.jpg,0
badseed346.jpg,0
badseed347.jpg,0
badseed348.jpg,0
badseed349.jpg,0
badseed35.jpg,0
badseed350.jpg,0
badseed351.jpg,0
badseed352.jpg,0
badseed353.jpg,0
badseed354.jpg,0
badseed355.jpg,0
badseed356.jpg,0
badseed357.jpg,0
badseed358.jpg,0
badseed359.jpg,0
badseed36.jpg,0
badseed360.jpg,0
badseed361.jpg,0
badseed362.jpg,0
badseed363.jpg,0
badseed364.jpg,0
badseed365.jpg,0
badseed366.jpg,0
badseed367.jpg,0
badseed368.jpg,0
badseed369.jpg,0
badseed37.jpg,0
badseed370.jpg,0
badseed371.jpg,0
badseed372.jpg,0
badseed373.jpg,0
badseed374.jpg,0
badseed375.jpg,0
badseed376.jpg,0
badseed377.jpg,0
badseed378.jpg,0
badseed379.jpg,0
badseed38.jpg,0
badseed380.jpg,0
badseed381.jpg,0
badseed382.jpg,0
badseed383.jpg,0
badseed384.jpg,0
badseed385.jpg,0
badseed386.jpg,0
badseed387.jpg,0
badseed388.jpg,0
badseed389.jpg,0
badseed39.jpg,0
badseed390.jpg,0
badseed391.jpg,0
badseed392.jpg,0
badseed393.jpg,0
badseed394.jpg,0
badseed395.jpg,0
badseed396.jpg,0
badseed397.jpg,0
badseed398.jpg,0
badseed399.jpg,0
badseed4.jpg,0
badseed40.jpg,0
badseed400.jpg,0
badseed401.jpg,0
badseed402.jpg,0
badseed403.jpg,0
badseed404.jpg,0
badseed405.jpg,0
badseed406.jpg,0
badseed407.jpg,0
badseed408.jpg,0
badseed409.jpg,0
badseed41.jpg,0
badseed410.jpg,0
badseed411.jpg,0
badseed412.jpg,0
badseed413.jpg,0
badseed414.jpg,0
badseed415.jpg,0
badseed416.jpg,0
badseed417.jpg,0
badseed418.jpg,0
badseed419.jpg,0
badseed42.jpg,0
badseed420.jpg,0
badseed421.jpg,0
badseed422.jpg,0
badseed423.jpg,0
badseed424.jpg,0
badseed425.jpg,0
badseed426.jpg,0
badseed427.jpg,0
badseed428.jpg,0
badseed429.jpg,0
badseed43.jpg,0
badseed430.jpg,0
badseed431.jpg,0
badseed432.jpg,0
badseed433.jpg,0
badseed434.jpg,0
badseed435.jpg,0
badseed436.jpg,0
badseed437.jpg,0
badseed438.jpg,0
badseed439.jpg,0
badseed44.jpg,0
badseed440.jpg,0
badseed441.jpg,0
badseed442.jpg,0
badseed443.jpg,0
badseed444.jpg,0
badseed445.jpg,0
badseed446.jpg,0
badseed447.jpg,0
badseed448.jpg,0
badseed449.jpg,0
badseed45.jpg,0
badseed450.jpg,0
badseed451.jpg,0
badseed452.jpg,0
badseed453.jpg,0
badseed454.jpg,0
badseed455.jpg,0
badseed456.jpg,0
badseed457.jpg,0
badseed458.jpg,0
badseed459.jpg,0
badseed46.jpg,0
badseed460.jpg,0
badseed461.jpg,0
badseed462.jpg,0
badseed463.jpg,0
badseed464.jpg,0
badseed465.jpg,0
badseed466.jpg,0
badseed467.jpg,0
badseed468.jpg,0
badseed469.jpg,0
badseed47.jpg,0
badseed470.jpg,0
badseed471.jpg,0
badseed472.jpg,0
badseed473.jpg,0
badseed474.jpg,0
badseed475.jpg,0
badseed476.jpg,0
badseed477.jpg,0
badseed478.jpg,0
badseed479.jpg,0
badseed48.jpg,0
badseed480.jpg,0
badseed481.jpg,0
badseed482.jpg,0
badseed483.jpg,0
badseed484.jpg,0
badseed485.jpg,0
badseed486.jpg,0
badseed487.jpg,0
badseed488.jpg,0
badseed489.jpg,0
badseed49.jpg,0
badseed490.jpg,0
badseed491.jpg,0
badseed492.jpg,0
badseed493.jpg,0
badseed494.jpg,0
badseed495.jpg,0
badseed496.jpg,0
badseed497.jpg,0
badseed498.jpg,0
badseed499.jpg,0
badseed5.jpg,0
badseed50.jpg,0
badseed500.jpg,0
badseed501.jpg,0
badseed502.jpg,0
badseed503.jpg,0
badseed504.jpg,0
badseed505.jpg,0
badseed506.jpg,0
badseed507.jpg,0
badseed508.jpg,0
badseed509.jpg,0
badseed51.jpg,0
badseed510.jpg,0
badseed511.jpg,0
badseed512.jpg,0
badseed513.jpg,0
badseed514.jpg,0
badseed515.jpg,0
badseed516.jpg,0
badseed517.jpg,0
badseed518.jpg,0
badseed519.jpg,0
badseed52.jpg,0
badseed520.jpg,0
badseed521.jpg,0
badseed522.jpg,0
badseed523.jpg,0
badseed524.jpg,0
badseed525.jpg,0
badseed526.jpg,0
badseed527.jpg,0
badseed528.jpg,0
badseed529.jpg,0
badseed53.jpg,0
badseed530.jpg,0
badseed531.jpg,0
badseed532.jpg,0
badseed533.jpg,0
badseed534.jpg,0
badseed535.jpg,0
badseed536.jpg,0
badseed537.jpg,0
badseed538.jpg,0
badseed539.jpg,0
badseed54.jpg,0
badseed540.jpg,0
badseed541.jpg,0
badseed542.jpg,0
badseed543.jpg,0
badseed544.jpg,0
badseed545.jpg,0
badseed546.jpg,0
badseed547.jpg,0
badseed548.jpg,0
badseed549.jpg,0
badseed55.jpg,0
badseed550.jpg,0
badseed551.jpg,0
badseed552.jpg,0
badseed553.jpg,0
badseed554.jpg,0
badseed555.jpg,0
badseed556.jpg,0
badseed557.jpg,0
badseed558.jpg,0
badseed559.jpg,0
badseed56.jpg,0
badseed560.jpg,0
badseed561.jpg,0
badseed562.jpg,0
badseed563.jpg,0
badseed564.jpg,0
badseed565.jpg,0
badseed566.jpg,0
badseed567.jpg,0
badseed568.jpg,0
badseed569.jpg,0
badseed57.jpg,0
badseed570.jpg,0
badseed571.jpg,0
badseed572.jpg,0
badseed573.jpg,0
badseed574.jpg,0
badseed575.jpg,0
badseed576.jpg,0
badseed577.jpg,0
badseed578.jpg,0
badseed579.jpg,0
badseed58.jpg,0
badseed580.jpg,0
badseed581.jpg,0
badseed582.jpg,0
badseed583.jpg,0
badseed584.jpg,0
badseed585.jpg,0
badseed586.jpg,0
badseed587.jpg,0
badseed588.jpg,0
badseed589.jpg,0
badseed59.jpg,0
badseed590.jpg,0
badseed591.jpg,0
badseed592.jpg,0
badseed6.jpg,0
badseed60.jpg,0
badseed61.jpg,0
badseed62.jpg,0
badseed63.jpg,0
badseed64.jpg,0
badseed65.jpg,0
badseed66.jpg,0
badseed67.jpg,0
badseed68.jpg,0
badseed69.jpg,0
badseed7.jpg,0
badseed70.jpg,0
badseed71.jpg,0
badseed72.jpg,0
badseed73.jpg,0
badseed74.jpg,0
badseed75.jpg,0
badseed76.jpg,0
badseed77.jpg,0
badseed78.jpg,0
badseed79.jpg,0
badseed8.jpg,0
badseed80.jpg,0
badseed81.jpg,0
badseed82.jpg,0
badseed83.jpg,0
badseed84.jpg,0
badseed85.jpg,0
badseed86.jpg,0
badseed87.jpg,0
badseed88.jpg,0
badseed89.jpg,0
badseed9.jpg,0
badseed90.jpg,0
badseed91.jpg,0
badseed92.jpg,0
badseed93.jpg,0
badseed94.jpg,0
badseed95.jpg,0
badseed96.jpg,0
badseed97.jpg,0
badseed98.jpg,0
badseed99.jpg,0
